{
    "0": {
        "precision": 0.8333333333333334,
        "recall": 0.8620689655172413,
        "f1-score": 0.847457627118644,
        "support": 29.0
    },
    "1": {
        "precision": 0.8709677419354839,
        "recall": 0.84375,
        "f1-score": 0.8571428571428571,
        "support": 32.0
    },
    "accuracy": 0.8524590163934426,
    "macro avg": {
        "precision": 0.8521505376344086,
        "recall": 0.8529094827586207,
        "f1-score": 0.8523002421307506,
        "support": 61.0
    },
    "weighted avg": {
        "precision": 0.8530759739115107,
        "recall": 0.8524590163934426,
        "f1-score": 0.8525384035247887,
        "support": 61.0
    }
}