Model,Accuracy
Logistic Regression,0.8524590163934426
Random Forest,0.8688524590163934
Support Vector Machine,0.8688524590163934
K-Nearest Neighbors,0.9016393442622951
Decision Tree,0.8360655737704918
Gradient Boosting,0.7868852459016393
AdaBoost,0.8032786885245902
XGBoost,0.819672131147541
Naive Bayes,0.8688524590163934
LDA,0.8688524590163934
