{
    "0": {
        "precision": 0.8387096774193549,
        "recall": 0.896551724137931,
        "f1-score": 0.8666666666666667,
        "support": 29.0
    },
    "1": {
        "precision": 0.9,
        "recall": 0.84375,
        "f1-score": 0.8709677419354839,
        "support": 32.0
    },
    "accuracy": 0.8688524590163934,
    "macro avg": {
        "precision": 0.8693548387096774,
        "recall": 0.8701508620689655,
        "f1-score": 0.8688172043010753,
        "support": 61.0
    },
    "weighted avg": {
        "precision": 0.8708619777895293,
        "recall": 0.8688524590163934,
        "f1-score": 0.8689229684470298,
        "support": 61.0
    }
}