{
    "0": {
        "precision": 0.8888888888888888,
        "recall": 0.8275862068965517,
        "f1-score": 0.8571428571428571,
        "support": 29.0
    },
    "1": {
        "precision": 0.8529411764705882,
        "recall": 0.90625,
        "f1-score": 0.8787878787878788,
        "support": 32.0
    },
    "accuracy": 0.8688524590163934,
    "macro avg": {
        "precision": 0.8709150326797386,
        "recall": 0.8669181034482758,
        "f1-score": 0.8679653679653679,
        "support": 61.0
    },
    "weighted avg": {
        "precision": 0.8700310725383049,
        "recall": 0.8688524590163934,
        "f1-score": 0.8684976225959832,
        "support": 61.0
    }
}