{
    "0": {
        "precision": 0.8275862068965517,
        "recall": 0.8275862068965517,
        "f1-score": 0.8275862068965517,
        "support": 29.0
    },
    "1": {
        "precision": 0.84375,
        "recall": 0.84375,
        "f1-score": 0.84375,
        "support": 32.0
    },
    "accuracy": 0.8360655737704918,
    "macro avg": {
        "precision": 0.8356681034482758,
        "recall": 0.8356681034482758,
        "f1-score": 0.8356681034482758,
        "support": 61.0
    },
    "weighted avg": {
        "precision": 0.8360655737704918,
        "recall": 0.8360655737704918,
        "f1-score": 0.8360655737704918,
        "support": 61.0
    }
}