{
    "0": {
        "precision": 0.8571428571428571,
        "recall": 0.8275862068965517,
        "f1-score": 0.8421052631578947,
        "support": 29.0
    },
    "1": {
        "precision": 0.8484848484848485,
        "recall": 0.875,
        "f1-score": 0.8615384615384616,
        "support": 32.0
    },
    "accuracy": 0.8524590163934426,
    "macro avg": {
        "precision": 0.8528138528138528,
        "recall": 0.8512931034482758,
        "f1-score": 0.8518218623481781,
        "support": 61.0
    },
    "weighted avg": {
        "precision": 0.8526009509616066,
        "recall": 0.8524590163934426,
        "f1-score": 0.8522997278821265,
        "support": 61.0
    }
}