{
    "0": {
        "precision": 0.7714285714285715,
        "recall": 0.9310344827586207,
        "f1-score": 0.84375,
        "support": 29.0
    },
    "1": {
        "precision": 0.9230769230769231,
        "recall": 0.75,
        "f1-score": 0.8275862068965517,
        "support": 32.0
    },
    "accuracy": 0.8360655737704918,
    "macro avg": {
        "precision": 0.8472527472527474,
        "recall": 0.8405172413793103,
        "f1-score": 0.8356681034482758,
        "support": 61.0
    },
    "weighted avg": {
        "precision": 0.8509818050801659,
        "recall": 0.8360655737704918,
        "f1-score": 0.8352706331260599,
        "support": 61.0
    }
}