{
    "0": {
        "precision": 0.7878787878787878,
        "recall": 0.896551724137931,
        "f1-score": 0.8387096774193549,
        "support": 29.0
    },
    "1": {
        "precision": 0.8928571428571429,
        "recall": 0.78125,
        "f1-score": 0.8333333333333334,
        "support": 32.0
    },
    "accuracy": 0.8360655737704918,
    "macro avg": {
        "precision": 0.8403679653679654,
        "recall": 0.8389008620689655,
        "f1-score": 0.8360215053763441,
        "support": 61.0
    },
    "weighted avg": {
        "precision": 0.8429494003264495,
        "recall": 0.8360655737704918,
        "f1-score": 0.835889300193901,
        "support": 61.0
    }
}