{
    "0": {
<<<<<<< HEAD
        "precision": 0.7647058823529411,
        "recall": 0.896551724137931,
        "f1-score": 0.8253968253968254,
        "support": 29.0
    },
    "1": {
        "precision": 0.8888888888888888,
        "recall": 0.75,
        "f1-score": 0.8135593220338984,
=======
        "precision": 0.7714285714285715,
        "recall": 0.9310344827586207,
        "f1-score": 0.84375,
        "support": 29.0
    },
    "1": {
        "precision": 0.9230769230769231,
        "recall": 0.75,
        "f1-score": 0.8275862068965517,
>>>>>>> 815b21cf80511c055b707714c85517e732883da8
        "support": 32.0
    },
    "accuracy": 0.819672131147541,
    "macro avg": {
<<<<<<< HEAD
        "precision": 0.826797385620915,
        "recall": 0.8232758620689655,
        "f1-score": 0.8194780737153619,
        "support": 61.0
    },
    "weighted avg": {
        "precision": 0.8298510661095038,
        "recall": 0.819672131147541,
        "f1-score": 0.8191869875670932,
=======
        "precision": 0.8472527472527474,
        "recall": 0.8405172413793103,
        "f1-score": 0.8356681034482758,
        "support": 61.0
    },
    "weighted avg": {
        "precision": 0.8509818050801659,
        "recall": 0.8360655737704918,
        "f1-score": 0.8352706331260599,
>>>>>>> 815b21cf80511c055b707714c85517e732883da8
        "support": 61.0
    }
}