{
    "0": {
        "precision": 0.78125,
        "recall": 0.8620689655172413,
        "f1-score": 0.819672131147541,
        "support": 29.0
    },
    "1": {
        "precision": 0.8620689655172413,
        "recall": 0.78125,
        "f1-score": 0.819672131147541,
        "support": 32.0
    },
    "accuracy": 0.819672131147541,
    "macro avg": {
        "precision": 0.8216594827586207,
        "recall": 0.8216594827586207,
        "f1-score": 0.819672131147541,
        "support": 61.0
    },
    "weighted avg": {
        "precision": 0.8236468343697003,
        "recall": 0.819672131147541,
        "f1-score": 0.819672131147541,
        "support": 61.0
    }
}