{
    "0": {
        "precision": 0.8620689655172413,
        "recall": 0.8620689655172413,
        "f1-score": 0.8620689655172413,
        "support": 29.0
    },
    "1": {
        "precision": 0.875,
        "recall": 0.875,
        "f1-score": 0.875,
        "support": 32.0
    },
    "accuracy": 0.8688524590163934,
    "macro avg": {
        "precision": 0.8685344827586207,
        "recall": 0.8685344827586207,
        "f1-score": 0.8685344827586207,
        "support": 61.0
    },
    "weighted avg": {
        "precision": 0.8688524590163934,
        "recall": 0.8688524590163934,
        "f1-score": 0.8688524590163934,
        "support": 61.0
    }
}