{
    "0": {
        "precision": 0.7575757575757576,
        "recall": 0.8620689655172413,
        "f1-score": 0.8064516129032258,
        "support": 29.0
    },
    "1": {
        "precision": 0.8571428571428571,
        "recall": 0.75,
        "f1-score": 0.8,
        "support": 32.0
    },
    "accuracy": 0.8032786885245902,
    "macro avg": {
        "precision": 0.8073593073593073,
        "recall": 0.8060344827586207,
        "f1-score": 0.8032258064516129,
        "support": 61.0
    },
    "weighted avg": {
        "precision": 0.8098076786601377,
        "recall": 0.8032786885245902,
        "f1-score": 0.8030671602326811,
        "support": 61.0
    }
}