{
    "0": {
        "precision": 0.7647058823529411,
        "recall": 0.896551724137931,
        "f1-score": 0.8253968253968254,
        "support": 29.0
    },
    "1": {
        "precision": 0.8888888888888888,
        "recall": 0.75,
        "f1-score": 0.8135593220338984,
        "support": 32.0
    },
    "accuracy": 0.819672131147541,
    "macro avg": {
        "precision": 0.826797385620915,
        "recall": 0.8232758620689655,
        "f1-score": 0.8194780737153619,
        "support": 61.0
    },
    "weighted avg": {
        "precision": 0.8298510661095038,
        "recall": 0.819672131147541,
        "f1-score": 0.8191869875670932,
        "support": 61.0
    }
}