{
    "0": {
        "precision": 0.7666666666666667,
        "recall": 0.7931034482758621,
        "f1-score": 0.7796610169491526,
        "support": 29.0
    },
    "1": {
        "precision": 0.8064516129032258,
        "recall": 0.78125,
        "f1-score": 0.7936507936507936,
        "support": 32.0
    },
    "accuracy": 0.7868852459016393,
    "macro avg": {
        "precision": 0.7865591397849463,
        "recall": 0.787176724137931,
        "f1-score": 0.7866559052999731,
        "support": 61.0
    },
    "weighted avg": {
        "precision": 0.7875374581350255,
        "recall": 0.7868852459016393,
        "f1-score": 0.7869999162024724,
        "support": 61.0
    }
}