{
    "0": {
        "precision": 0.9,
        "recall": 0.9310344827586207,
        "f1-score": 0.9152542372881356,
        "support": 29.0
    },
    "1": {
        "precision": 0.9354838709677419,
        "recall": 0.90625,
        "f1-score": 0.9206349206349206,
        "support": 32.0
    },
    "accuracy": 0.9180327868852459,
    "macro avg": {
        "precision": 0.917741935483871,
        "recall": 0.9186422413793103,
        "f1-score": 0.9179445789615281,
        "support": 61.0
    },
    "weighted avg": {
        "precision": 0.9186144896879957,
        "recall": 0.9180327868852459,
        "f1-score": 0.9180768908471046,
        "support": 61.0
    }
}